episode_reward_max,episode_reward_min,episode_reward_mean,episode_len_mean,episodes_this_iter,num_healthy_workers,timesteps_total,done,episodes_total,training_iteration,experiment_id,date,timestamp,time_this_iter_s,time_total_s,pid,hostname,node_ip,time_since_restore,timesteps_since_restore,iterations_since_restore,callback_ok,policy_reward_min/dqn_policy,policy_reward_max/dqn_policy,policy_reward_mean/dqn_policy,custom_metrics/num_batches_mean,custom_metrics/num_batches_min,custom_metrics/num_batches_max,hist_stats/episode_reward,hist_stats/episode_lengths,hist_stats/policy_dqn_policy_reward,sampler_perf/mean_env_wait_ms,sampler_perf/mean_processing_ms,sampler_perf/mean_inference_ms,timers/learn_time_ms,timers/learn_throughput,info/num_steps_sampled,info/num_steps_trained,info/last_target_update_ts,info/num_target_updates,perf/cpu_util_percent,perf/ram_util_percent,perf/gpu_util_percent0,perf/vram_util_percent0,info/learner/dqn_policy/cur_lr,info/learner/dqn_policy/mean_q,info/learner/dqn_policy/min_q,info/learner/dqn_policy/max_q,info/learner/dqn_policy/mean_td_error
-157600.49999991315,-157600.49999991315,-157600.49999991315,48335.0,1,0,48336,False,1,1,9d70e0f333474b1da67f732b029ac6bb,2020-09-22_18-17-29,1600791449,510.3812806606293,510.3812806606293,5052,TS-LSAL0152-N,192.168.178.26,510.3812806606293,0,1,True,-69094.30000009215,-43154.99999989598,-52533.50000000724,36252.0,36252,36252,[-157600.49999991315],[48335],"[-69094.30000009215, -43154.99999989598, -45351.200000033576]",5.791228368536486,0.250955025248152,2.390525721669096,2.812,11378.723,48336,378720,48320,456,12.292341040462427,29.66011560693642,0.04995664739884393,0.76416015625,0.0005000000237487257,-12.469246,-1654.6995,49.73832,937.7112
38173.100000000115,-157600.49999991315,-59713.699999956516,48335.0,1,0,96672,False,2,2,9d70e0f333474b1da67f732b029ac6bb,2020-09-22_18-26-09,1600791969,520.0674984455109,1030.4487791061401,5052,TS-LSAL0152-N,192.168.178.26,1030.4487791061401,0,2,True,-69094.30000009215,20235.299999997605,-19904.566666671977,36253.5,36252,36255,"[38173.100000000115, -157600.49999991315]","[48335, 48335]","[119.39999999990343, 17818.399999992344, 20235.299999997605, -69094.30000009215, -43154.99999989598, -45351.200000033576]",5.813873602052184,0.2532636795332369,2.411817813797355,2.957,10823.399,96672,765408,96576,920,12.023011363636364,30.045028409090904,0.049772727272727274,0.76416015625,0.0005000000237487257,-125.57988,-5252.5186,50.656067,212.91034
42154.59999999166,-157600.49999991315,-25757.599999973794,48335.0,1,0,145008,False,3,3,9d70e0f333474b1da67f732b029ac6bb,2020-09-22_18-34-54,1600792494,524.9518949985504,1555.4006741046906,5052,TS-LSAL0152-N,192.168.178.26,1555.4006741046906,0,3,True,-69094.30000009215,23403.49999998663,-8585.866666673266,36254.0,36252,36255,"[42154.59999999166, -157600.49999991315, 38173.100000000115]","[48335, 48335, 48335]","[1970.5000000004063, 16780.599999985418, 23403.49999998663, -69094.30000009215, -43154.99999989598, -45351.200000033576, 119.39999999990343, 17818.399999992344, 20235.299999997605]",5.846560699232255,0.2541451406967618,2.413997944526104,4.219,7585.022,145008,1152096,144936,1385,11.899999999999999,30.23862359550562,0.04919943820224719,0.76416015625,0.0005000000237487257,39.777832,18.814661,52.57584,-0.18151939
42154.59999999166,-157600.49999991315,-24551.24999998712,48335.0,1,0,193344,False,4,4,9d70e0f333474b1da67f732b029ac6bb,2020-09-22_18-44-24,1600793064,569.825421333313,2125.2260954380035,5052,TS-LSAL0152-N,192.168.178.26,2125.2260954380035,0,4,True,-69094.30000009215,23403.49999998663,-8183.750000005289,36253.5,36252,36255,"[-20932.200000027107, -157600.49999991315, 38173.100000000115, 42154.59999999166]","[48335, 48335, 48335, 48335]","[-11475.900000003243, -8597.800000004954, -858.4999999958719, -69094.30000009215, -43154.99999989598, -45351.200000033576, 119.39999999990343, 17818.399999992344, 20235.299999997605, 1970.5000000004063, 16780.599999985418, 23403.49999998663]",5.901094701339326,0.2556141552512265,2.4400354611122452,14.327,2233.515,193344,1538784,193296,1850,12.247334200260077,30.404551365409624,0.04811443433029909,0.76416015625,0.0005000000237487257,39.294167,-5.087129,63.000534,-0.11139442
42154.59999999166,-552072.5000005167,-130055.50000009302,48335.0,1,0,241680,False,5,5,9d70e0f333474b1da67f732b029ac6bb,2020-09-22_18-53-57,1600793637,572.5862898826599,2697.8123853206635,5052,TS-LSAL0152-N,192.168.178.26,2697.8123853206635,0,5,True,-191506.0999997483,23403.49999998663,-43351.83333332863,36253.2,36252,36255,"[-552072.5000005167, -157600.49999991315, 38173.100000000115, 42154.59999999166, -20932.200000027107]","[48335, 48335, 48335, 48335, 48335]","[-191506.0999997483, -187159.70000025013, -173406.69999986747, -69094.30000009215, -43154.99999989598, -45351.200000033576, 119.39999999990343, 17818.399999992344, 20235.299999997605, 1970.5000000004063, 16780.599999985418, 23403.49999998663, -11475.900000003243, -8597.800000004954, -858.4999999958719]",5.954257802638603,0.25689880656022474,2.4672085733592564,1.497,21378.377,241680,1925472,241656,2315,13.099226804123711,30.548582474226805,0.048144329896907215,0.76416015625,0.0005000000237487257,40.666744,21.516293,66.92102,1249.8953
42154.59999999166,-552072.5000005167,-105207.40000007779,48335.0,1,0,290016,False,6,6,9d70e0f333474b1da67f732b029ac6bb,2020-09-22_19-03-14,1600794194,556.5060596466064,3254.31844496727,5052,TS-LSAL0152-N,192.168.178.26,3254.31844496727,0,6,True,-191506.0999997483,23403.49999998663,-35069.13333332928,36253.5,36252,36255,"[19033.099999998387, -157600.49999991315, 38173.100000000115, 42154.59999999166, -20932.200000027107, -552072.5000005167]","[48335, 48335, 48335, 48335, 48335, 48335]","[7609.899999995008, 6163.000000004129, 5260.200000003152, -69094.30000009215, -43154.99999989598, -45351.200000033576, 119.39999999990343, 17818.399999992344, 20235.299999997605, 1970.5000000004063, 16780.599999985418, 23403.49999998663, -11475.900000003243, -8597.800000004954, -858.4999999958719, -191506.0999997483, -187159.70000025013, -173406.69999986747]",5.995105242081085,0.257717121406426,2.4901371885475045,4.224,7575.433,290016,2312160,290016,2780,12.140397350993377,30.191788079470204,0.04891390728476821,0.76416015625,0.0005000000237487257,29.920315,15.879761,64.23413,624.95306
42154.59999999166,-552072.5000005167,-85403.84285721238,48335.0,1,0,338352,False,7,7,9d70e0f333474b1da67f732b029ac6bb,2020-09-22_19-12-35,1600794755,561.5207467079163,3815.839191675186,5052,TS-LSAL0152-N,192.168.178.26,3815.839191675186,0,7,True,-191506.0999997483,23403.49999998663,-28467.94761904396,36253.71428571428,36252,36255,"[33417.499999980166, -157600.49999991315, 38173.100000000115, 42154.59999999166, -20932.200000027107, -552072.5000005167, 19033.099999998387]","[48335, 48335, 48335, 48335, 48335, 48335, 48335]","[6313.899999996012, 10276.499999998487, 16827.100000009435, -69094.30000009215, -43154.99999989598, -45351.200000033576, 119.39999999990343, 17818.399999992344, 20235.299999997605, 1970.5000000004063, 16780.599999985418, 23403.49999998663, -11475.900000003243, -8597.800000004954, -858.4999999958719, -191506.0999997483, -187159.70000025013, -173406.69999986747, 7609.899999995008, 6163.000000004129, 5260.200000003152]",6.029000229087105,0.258765982786472,2.5092921343234336,4.814,6647.7,338352,2698848,338272,3244,12.523784494086728,30.24664914586071,0.04860709592641261,0.76416015625,0.0005000000237487257,34.285095,-9.015247,69.92483,-0.25726545
47792.39999996023,-552072.5000005167,-68754.31250006579,48335.0,1,0,386688,False,8,8,9d70e0f333474b1da67f732b029ac6bb,2020-09-22_19-21-59,1600795319,563.7913365364075,4379.630528211594,5052,TS-LSAL0152-N,192.168.178.26,4379.630528211594,0,8,True,-191506.0999997483,25662.999999983324,-22918.104166664754,36253.5,36252,36255,"[47792.39999996023, -157600.49999991315, 38173.100000000115, 42154.59999999166, -20932.200000027107, -552072.5000005167, 19033.099999998387, 33417.499999980166]","[48335, 48335, 48335, 48335, 48335, 48335, 48335, 48335]","[8535.999999995658, 13593.399999989952, 25662.999999983324, -69094.30000009215, -43154.99999989598, -45351.200000033576, 119.39999999990343, 17818.399999992344, 20235.299999997605, 1970.5000000004063, 16780.599999985418, 23403.49999998663, -11475.900000003243, -8597.800000004954, -858.4999999958719, -191506.0999997483, -187159.70000025013, -173406.69999986747, 7609.899999995008, 6163.000000004129, 5260.200000003152, 6313.899999996012, 10276.499999998487, 16827.100000009435]",6.058538676760708,0.259305237788656,2.52573192477701,4.667,6857.009,386688,3085536,386632,3709,11.945609436435124,30.345085190039317,0.048440366972477056,0.76416015625,0.0005000000237487257,35.491997,17.05028,58.87242,0.6410754
47792.39999996023,-552072.5000005167,-58707.74444450342,48335.0,1,0,435024,False,9,9,9d70e0f333474b1da67f732b029ac6bb,2020-09-22_19-31-13,1600795873,554.3013548851013,4933.931883096695,5052,TS-LSAL0152-N,192.168.178.26,4933.931883096695,0,9,True,-191506.0999997483,25662.999999983324,-19569.248148146908,36253.333333333336,36252,36255,"[21664.79999999558, -157600.49999991315, 38173.100000000115, 42154.59999999166, -20932.200000027107, -552072.5000005167, 19033.099999998387, 33417.499999980166, 47792.39999996023]","[48335, 48335, 48335, 48335, 48335, 48335, 48335, 48335, 48335]","[8163.099999994098, 11668.49999999167, 1833.200000001853, -69094.30000009215, -43154.99999989598, -45351.200000033576, 119.39999999990343, 17818.399999992344, 20235.299999997605, 1970.5000000004063, 16780.599999985418, 23403.49999998663, -11475.900000003243, -8597.800000004954, -858.4999999958719, -191506.0999997483, -187159.70000025013, -173406.69999986747, 7609.899999995008, 6163.000000004129, 5260.200000003152, 6313.899999996012, 10276.499999998487, 16827.100000009435, 8535.999999995658, 13593.399999989952, 25662.999999983324]",6.08187621241564,0.2596380495717927,2.5399120450806025,1.748,18303.0,435024,3472224,434992,4174,11.812751677852349,30.390604026845637,0.04928859060402684,0.76416015625,0.0005000000237487257,45.808994,19.356657,78.352394,-0.8941942
47792.39999996023,-871943.4000008045,-140031.31000013353,48335.0,1,0,483360,False,10,10,9d70e0f333474b1da67f732b029ac6bb,2020-09-22_19-40-34,1600796434,560.9693937301636,5494.9012768268585,5052,TS-LSAL0152-N,192.168.178.26,5494.9012768268585,0,10,True,-300160.90000001184,25662.999999983324,-46677.10333333193,36253.5,36252,36255,"[-871943.4000008045, -157600.49999991315, 38173.100000000115, 42154.59999999166, -20932.200000027107, -552072.5000005167, 19033.099999998387, 33417.499999980166, 47792.39999996023, 21664.79999999558]","[48335, 48335, 48335, 48335, 48335, 48335, 48335, 48335, 48335, 48335]","[-300160.90000001184, -289680.2000000219, -282102.29999995715, -69094.30000009215, -43154.99999989598, -45351.200000033576, 119.39999999990343, 17818.399999992344, 20235.299999997605, 1970.5000000004063, 16780.599999985418, 23403.49999998663, -11475.900000003243, -8597.800000004954, -858.4999999958719, -191506.0999997483, -187159.70000025013, -173406.69999986747, 7609.899999995008, 6163.000000004129, 5260.200000003152, 6313.899999996012, 10276.499999998487, 16827.100000009435, 8535.999999995658, 13593.399999989952, 25662.999999983324, 8163.099999994098, 11668.49999999167, 1833.200000001853]",6.101804099810453,0.2597345401473417,2.552680197762407,2.61,12260.126,483360,3858912,483352,4639,11.92732095490716,30.47228116710875,0.048846153846153845,0.76416015625,0.0005000000237487257,39.228745,-1.8333915,59.66508,-0.37853172
47792.39999996023,-871943.4000008045,-123574.64545466982,48335.0,1,0,531696,False,11,11,9d70e0f333474b1da67f732b029ac6bb,2020-09-22_19-49-56,1600796996,561.8941402435303,6056.795417070389,5052,TS-LSAL0152-N,192.168.178.26,6056.795417070389,0,11,True,-300160.90000001184,25769.899999982284,-41191.54848484777,36253.63636363636,36252,36255,"[40991.99999996727, -157600.49999991315, 38173.100000000115, 42154.59999999166, -20932.200000027107, -552072.5000005167, 19033.099999998387, 33417.499999980166, 47792.39999996023, 21664.79999999558, -871943.4000008045]","[48335, 48335, 48335, 48335, 48335, 48335, 48335, 48335, 48335, 48335, 48335]","[5950.499999996915, 9271.600000001767, 25769.899999982284, -69094.30000009215, -43154.99999989598, -45351.200000033576, 119.39999999990343, 17818.399999992344, 20235.299999997605, 1970.5000000004063, 16780.599999985418, 23403.49999998663, -11475.900000003243, -8597.800000004954, -858.4999999958719, -191506.0999997483, -187159.70000025013, -173406.69999986747, 7609.899999995008, 6163.000000004129, 5260.200000003152, 6313.899999996012, 10276.499999998487, 16827.100000009435, 8535.999999995658, 13593.399999989952, 25662.999999983324, 8163.099999994098, 11668.49999999167, 1833.200000001853, -300160.90000001184, -289680.2000000219, -282102.29999995715]",6.118537623881002,0.25970592452641655,2.5650311823631458,4.222,7580.224,531696,4245600,531608,5103,11.821324503311258,30.4882119205298,0.049072847682119204,0.76416015625,0.0005000000237487257,32.930195,-151.37453,140.22702,2182.6301
47792.39999996023,-871943.4000008045,-110492.108333449,48335.0,1,0,580032,False,12,12,9d70e0f333474b1da67f732b029ac6bb,2020-09-22_19-59-11,1600797551,554.6347064971924,6611.430123567581,5052,TS-LSAL0152-N,192.168.178.26,6611.430123567581,0,12,True,-300160.90000001184,25769.899999982284,-36830.70277777726,36253.5,36252,36255,"[33415.799999980096, -157600.49999991315, 38173.100000000115, 42154.59999999166, -20932.200000027107, -552072.5000005167, 19033.099999998387, 33417.499999980166, 47792.39999996023, 21664.79999999558, -871943.4000008045, 40991.99999996727]","[48335, 48335, 48335, 48335, 48335, 48335, 48335, 48335, 48335, 48335, 48335, 48335]","[6463.099999996269, 12301.299999993307, 14651.400000005631, -69094.30000009215, -43154.99999989598, -45351.200000033576, 119.39999999990343, 17818.399999992344, 20235.299999997605, 1970.5000000004063, 16780.599999985418, 23403.49999998663, -11475.900000003243, -8597.800000004954, -858.4999999958719, -191506.0999997483, -187159.70000025013, -173406.69999986747, 7609.899999995008, 6163.000000004129, 5260.200000003152, 6313.899999996012, 10276.499999998487, 16827.100000009435, 8535.999999995658, 13593.399999989952, 25662.999999983324, 8163.099999994098, 11668.49999999167, 1833.200000001853, -300160.90000001184, -289680.2000000219, -282102.29999995715, 5950.499999996915, 9271.600000001767, 25769.899999982284]",6.131891150949817,0.2596085102061004,2.576307895130466,3.359,9525.946,580032,4632288,579968,5568,11.809664429530203,30.544563758389263,0.049328859060402686,0.76416015625,0.0005000000237487257,35.308872,11.434998,69.88622,-0.015487015
47792.39999996023,-871943.4000008045,-98565.9461539556,48335.0,1,0,628368,False,13,13,9d70e0f333474b1da67f732b029ac6bb,2020-09-22_20-08-35,1600798115,563.4816789627075,7174.911802530289,5052,TS-LSAL0152-N,192.168.178.26,7174.911802530289,0,13,True,-300160.90000001184,25769.899999982284,-32855.3153846155,36253.38461538462,36252,36255,"[44547.99999996508, -157600.49999991315, 38173.100000000115, 42154.59999999166, -20932.200000027107, -552072.5000005167, 19033.099999998387, 33417.499999980166, 47792.39999996023, 21664.79999999558, -871943.4000008045, 40991.99999996727, 33415.799999980096]","[48335, 48335, 48335, 48335, 48335, 48335, 48335, 48335, 48335, 48335, 48335, 48335, 48335]","[8427.099999995335, 11034.199999996292, 25086.699999985132, -69094.30000009215, -43154.99999989598, -45351.200000033576, 119.39999999990343, 17818.399999992344, 20235.299999997605, 1970.5000000004063, 16780.599999985418, 23403.49999998663, -11475.900000003243, -8597.800000004954, -858.4999999958719, -191506.0999997483, -187159.70000025013, -173406.69999986747, 7609.899999995008, 6163.000000004129, 5260.200000003152, 6313.899999996012, 10276.499999998487, 16827.100000009435, 8535.999999995658, 13593.399999989952, 25662.999999983324, 8163.099999994098, 11668.49999999167, 1833.200000001853, -300160.90000001184, -289680.2000000219, -282102.29999995715, 5950.499999996915, 9271.600000001767, 25769.899999982284, 6463.099999996269, 12301.299999993307, 14651.400000005631]",6.143362499455785,0.2594528696537811,2.587103190125721,3.058,10464.178,628368,5018976,628328,6033,12.076322751322753,30.601322751322748,0.04899470899470899,0.76416015625,0.0005000000237487257,31.058836,4.9322515,57.539585,-0.41265577
48786.6999999617,-871943.4000008045,-88040.75714296152,48335.0,1,0,676704,False,14,14,9d70e0f333474b1da67f732b029ac6bb,2020-09-22_20-17-59,1600798679,564.0956606864929,7739.007463216782,5052,TS-LSAL0152-N,192.168.178.26,7739.007463216782,0,14,True,-300160.90000001184,27143.999999981555,-29346.919047619893,36253.5,36252,36255,"[48786.6999999617, -157600.49999991315, 38173.100000000115, 42154.59999999166, -20932.200000027107, -552072.5000005167, 19033.099999998387, 33417.499999980166, 47792.39999996023, 21664.79999999558, -871943.4000008045, 40991.99999996727, 33415.799999980096, 44547.99999996508]","[48335, 48335, 48335, 48335, 48335, 48335, 48335, 48335, 48335, 48335, 48335, 48335, 48335, 48335]","[8603.399999995929, 13039.299999991548, 27143.999999981555, -69094.30000009215, -43154.99999989598, -45351.200000033576, 119.39999999990343, 17818.399999992344, 20235.299999997605, 1970.5000000004063, 16780.599999985418, 23403.49999998663, -11475.900000003243, -8597.800000004954, -858.4999999958719, -191506.0999997483, -187159.70000025013, -173406.69999986747, 7609.899999995008, 6163.000000004129, 5260.200000003152, 6313.899999996012, 10276.499999998487, 16827.100000009435, 8535.999999995658, 13593.399999989952, 25662.999999983324, 8163.099999994098, 11668.49999999167, 1833.200000001853, -300160.90000001184, -289680.2000000219, -282102.29999995715, 5950.499999996915, 9271.600000001767, 25769.899999982284, 6463.099999996269, 12301.299999993307, 14651.400000005631, 8427.099999995335, 11034.199999996292, 25086.699999985132]",6.1532757982917,0.25929033306026394,2.5974242026530474,3.456,9260.355,676704,5405664,676688,6498,11.913192612137204,30.59722955145119,0.048852242744063315,0.76416015625,0.0005000000237487257,34.94926,19.288214,57.290627,0.039374173
48786.6999999617,-871943.4000008045,-80138.76666676492,48335.0,1,0,725040,False,15,15,9d70e0f333474b1da67f732b029ac6bb,2020-09-22_20-27-29,1600799249,570.2577738761902,8309.265237092972,5052,TS-LSAL0152-N,192.168.178.26,8309.265237092972,0,15,True,-300160.90000001184,27143.999999981555,-26712.922222223282,36253.6,36252,36255,"[30489.09999998739, -157600.49999991315, 38173.100000000115, 42154.59999999166, -20932.200000027107, -552072.5000005167, 19033.099999998387, 33417.499999980166, 47792.39999996023, 21664.79999999558, -871943.4000008045, 40991.99999996727, 33415.799999980096, 44547.99999996508, 48786.6999999617]","[48335, 48335, 48335, 48335, 48335, 48335, 48335, 48335, 48335, 48335, 48335, 48335, 48335, 48335, 48335]","[-2105.800000001656, 10759.099999997796, 21835.799999991657, -69094.30000009215, -43154.99999989598, -45351.200000033576, 119.39999999990343, 17818.399999992344, 20235.299999997605, 1970.5000000004063, 16780.599999985418, 23403.49999998663, -11475.900000003243, -8597.800000004954, -858.4999999958719, -191506.0999997483, -187159.70000025013, -173406.69999986747, 7609.899999995008, 6163.000000004129, 5260.200000003152, 6313.899999996012, 10276.499999998487, 16827.100000009435, 8535.999999995658, 13593.399999989952, 25662.999999983324, 8163.099999994098, 11668.49999999167, 1833.200000001853, -300160.90000001184, -289680.2000000219, -282102.29999995715, 5950.499999996915, 9271.600000001767, 25769.899999982284, 6463.099999996269, 12301.299999993307, 14651.400000005631, 8427.099999995335, 11034.199999996292, 25086.699999985132, 8603.399999995929, 13039.299999991548, 27143.999999981555]",6.162736979795707,0.25914998776021325,2.607113779444816,3.912,8179.818,725040,5792352,724944,6962,11.885639686684073,30.628459530026113,0.048328981723237595,0.76416015625,0.0005000000237487257,38.653748,11.142178,57.97387,0.28906584
48786.6999999617,-871943.4000008045,-74099.52500009211,48335.0,1,0,773376,False,16,16,9d70e0f333474b1da67f732b029ac6bb,2020-09-22_20-36-43,1600799803,553.4932799339294,8862.758517026901,5052,TS-LSAL0152-N,192.168.178.26,8862.758517026901,0,16,True,-300160.90000001184,27143.999999981555,-24699.841666667857,36253.5,36252,36255,"[16489.099999999813, -157600.49999991315, 38173.100000000115, 42154.59999999166, -20932.200000027107, -552072.5000005167, 19033.099999998387, 33417.499999980166, 47792.39999996023, 21664.79999999558, -871943.4000008045, 40991.99999996727, 33415.799999980096, 44547.99999996508, 48786.6999999617, 30489.09999998739]","[48335, 48335, 48335, 48335, 48335, 48335, 48335, 48335, 48335, 48335, 48335, 48335, 48335, 48335, 48335, 48335]","[6679.79999999406, 10838.599999995142, -1029.2999999987946, -69094.30000009215, -43154.99999989598, -45351.200000033576, 119.39999999990343, 17818.399999992344, 20235.299999997605, 1970.5000000004063, 16780.599999985418, 23403.49999998663, -11475.900000003243, -8597.800000004954, -858.4999999958719, -191506.0999997483, -187159.70000025013, -173406.69999986747, 7609.899999995008, 6163.000000004129, 5260.200000003152, 6313.899999996012, 10276.499999998487, 16827.100000009435, 8535.999999995658, 13593.399999989952, 25662.999999983324, 8163.099999994098, 11668.49999999167, 1833.200000001853, -300160.90000001184, -289680.2000000219, -282102.29999995715, 5950.499999996915, 9271.600000001767, 25769.899999982284, 6463.099999996269, 12301.299999993307, 14651.400000005631, 8427.099999995335, 11034.199999996292, 25086.699999985132, 8603.399999995929, 13039.299999991548, 27143.999999981555, -2105.800000001656, 10759.099999997796, 21835.799999991657]",6.170796081176803,0.2589859537282715,2.6158627152300755,5.074,6306.187,773376,6179040,773304,7427,11.838844086021506,30.673252688172045,0.049301075268817204,0.76416015625,0.0005000000237487257,34.49041,13.502799,68.275696,0.16283286
48786.6999999617,-871943.4000008045,-67957.56470596987,48335.0,1,0,821712,False,17,17,9d70e0f333474b1da67f732b029ac6bb,2020-09-22_20-46-06,1600800366,562.9192273616791,9425.67774438858,5052,TS-LSAL0152-N,192.168.178.26,9425.67774438858,0,17,True,-300160.90000001184,27143.999999981555,-22652.521568628472,36253.41176470588,36252,36255,"[30313.79999998616, -157600.49999991315, 38173.100000000115, 42154.59999999166, -20932.200000027107, -552072.5000005167, 19033.099999998387, 33417.499999980166, 47792.39999996023, 21664.79999999558, -871943.4000008045, 40991.99999996727, 33415.799999980096, 44547.99999996508, 48786.6999999617, 30489.09999998739, 16489.099999999813]","[48335, 48335, 48335, 48335, 48335, 48335, 48335, 48335, 48335, 48335, 48335, 48335, 48335, 48335, 48335, 48335, 48335]","[7083.899999995574, 6738.100000002257, 16491.800000007628, -69094.30000009215, -43154.99999989598, -45351.200000033576, 119.39999999990343, 17818.399999992344, 20235.299999997605, 1970.5000000004063, 16780.599999985418, 23403.49999998663, -11475.900000003243, -8597.800000004954, -858.4999999958719, -191506.0999997483, -187159.70000025013, -173406.69999986747, 7609.899999995008, 6163.000000004129, 5260.200000003152, 6313.899999996012, 10276.499999998487, 16827.100000009435, 8535.999999995658, 13593.399999989952, 25662.999999983324, 8163.099999994098, 11668.49999999167, 1833.200000001853, -300160.90000001184, -289680.2000000219, -282102.29999995715, 5950.499999996915, 9271.600000001767, 25769.899999982284, 6463.099999996269, 12301.299999993307, 14651.400000005631, 8427.099999995335, 11034.199999996292, 25086.699999985132, 8603.399999995929, 13039.299999991548, 27143.999999981555, -2105.800000001656, 10759.099999997796, 21835.799999991657, 6679.79999999406, 10838.599999995142, -1029.2999999987946]",6.1784771468526225,0.25880539147383996,2.6236367765084365,2.557,12515.874,821712,6565728,821664,7892,11.827212681638047,30.730250990752975,0.048507265521796565,0.76416015625,0.0005000000237487257,28.696436,0.9628866,63.411777,-0.8082664
48786.6999999617,-871943.4000008045,-62219.266666750744,48335.0,1,0,870048,False,18,18,9d70e0f333474b1da67f732b029ac6bb,2020-09-22_20-55-19,1600800919,552.9269177913666,9978.604662179947,5052,TS-LSAL0152-N,192.168.178.26,9978.604662179947,0,18,True,-300160.90000001184,27143.999999981555,-20739.755555557036,36253.5,36252,36255,"[35331.79999997426, -157600.49999991315, 38173.100000000115, 42154.59999999166, -20932.200000027107, -552072.5000005167, 19033.099999998387, 33417.499999980166, 47792.39999996023, 21664.79999999558, -871943.4000008045, 40991.99999996727, 33415.799999980096, 44547.99999996508, 48786.6999999617, 30489.09999998739, 16489.099999999813, 30313.79999998616]","[48335, 48335, 48335, 48335, 48335, 48335, 48335, 48335, 48335, 48335, 48335, 48335, 48335, 48335, 48335, 48335, 48335, 48335]","[-1790.8000000062505, 13348.099999990338, 23774.499999988064, -69094.30000009215, -43154.99999989598, -45351.200000033576, 119.39999999990343, 17818.399999992344, 20235.299999997605, 1970.5000000004063, 16780.599999985418, 23403.49999998663, -11475.900000003243, -8597.800000004954, -858.4999999958719, -191506.0999997483, -187159.70000025013, -173406.69999986747, 7609.899999995008, 6163.000000004129, 5260.200000003152, 6313.899999996012, 10276.499999998487, 16827.100000009435, 8535.999999995658, 13593.399999989952, 25662.999999983324, 8163.099999994098, 11668.49999999167, 1833.200000001853, -300160.90000001184, -289680.2000000219, -282102.29999995715, 5950.499999996915, 9271.600000001767, 25769.899999982284, 6463.099999996269, 12301.299999993307, 14651.400000005631, 8427.099999995335, 11034.199999996292, 25086.699999985132, 8603.399999995929, 13039.299999991548, 27143.999999981555, -2105.800000001656, 10759.099999997796, 21835.799999991657, 6679.79999999406, 10838.599999995142, -1029.2999999987946, 7083.899999995574, 6738.100000002257, 16491.800000007628]",6.1851379751994635,0.2586419916113847,2.63067374672092,3.258,9822.798,870048,6952416,870024,8357,11.835483870967742,30.729704301075266,0.04911290322580645,0.76416015625,0.0005000000237487257,27.301395,-74.66817,72.01682,0.18819967
48786.6999999617,-871943.4000008045,-60048.25789481702,48335.0,1,0,918384,False,19,19,9d70e0f333474b1da67f732b029ac6bb,2020-09-22_21-04-45,1600801485,566.6008522510529,10545.205514431,5052,TS-LSAL0152-N,192.168.178.26,10545.205514431,0,19,True,-300160.90000001184,27143.999999981555,-20016.08596491356,36253.57894736842,36252,36255,"[-20970.1000000098, -157600.49999991315, 38173.100000000115, 42154.59999999166, -20932.200000027107, -552072.5000005167, 19033.099999998387, 33417.499999980166, 47792.39999996023, 21664.79999999558, -871943.4000008045, 40991.99999996727, 33415.799999980096, 44547.99999996508, 48786.6999999617, 30489.09999998739, 16489.099999999813, 30313.79999998616, 35331.79999997426]","[48335, 48335, 48335, 48335, 48335, 48335, 48335, 48335, 48335, 48335, 48335, 48335, 48335, 48335, 48335, 48335, 48335, 48335, 48335]","[-11907.59999998535, -13437.100000014587, 4374.600000006642, -69094.30000009215, -43154.99999989598, -45351.200000033576, 119.39999999990343, 17818.399999992344, 20235.299999997605, 1970.5000000004063, 16780.599999985418, 23403.49999998663, -11475.900000003243, -8597.800000004954, -858.4999999958719, -191506.0999997483, -187159.70000025013, -173406.69999986747, 7609.899999995008, 6163.000000004129, 5260.200000003152, 6313.899999996012, 10276.499999998487, 16827.100000009435, 8535.999999995658, 13593.399999989952, 25662.999999983324, 8163.099999994098, 11668.49999999167, 1833.200000001853, -300160.90000001184, -289680.2000000219, -282102.29999995715, 5950.499999996915, 9271.600000001767, 25769.899999982284, 6463.099999996269, 12301.299999993307, 14651.400000005631, 8427.099999995335, 11034.199999996292, 25086.699999985132, 8603.399999995929, 13039.299999991548, 27143.999999981555, -2105.800000001656, 10759.099999997796, 21835.799999991657, 6679.79999999406, 10838.599999995142, -1029.2999999987946, 7083.899999995574, 6738.100000002257, 16491.800000007628, -1790.8000000062505, 13348.099999990338, 23774.499999988064]",6.191399786857804,0.2585291366803494,2.6372929037163004,5.018,6377.381,918384,7339104,918384,8822,11.814736842105262,30.782236842105263,0.04861842105263158,0.76416015625,0.0005000000237487257,33.173363,10.822743,59.355392,-0.032912284
48786.6999999617,-871943.4000008045,-54880.525000077774,48335.0,1,0,966720,False,20,20,9d70e0f333474b1da67f732b029ac6bb,2020-09-22_21-14-04,1600802044,558.3746778964996,11103.5801923275,5052,TS-LSAL0152-N,192.168.178.26,11103.5801923275,0,20,True,-300160.90000001184,27143.999999981555,-18293.508333335092,36253.5,36252,36255,"[43306.39999996785, -157600.49999991315, 38173.100000000115, 42154.59999999166, -20932.200000027107, -552072.5000005167, 19033.099999998387, 33417.499999980166, 47792.39999996023, 21664.79999999558, -871943.4000008045, 40991.99999996727, 33415.799999980096, 44547.99999996508, 48786.6999999617, 30489.09999998739, 16489.099999999813, 30313.79999998616, 35331.79999997426, -20970.1000000098]","[48335, 48335, 48335, 48335, 48335, 48335, 48335, 48335, 48335, 48335, 48335, 48335, 48335, 48335, 48335, 48335, 48335, 48335, 48335, 48335]","[2707.599999998108, 13523.499999989668, 27075.299999979787, -69094.30000009215, -43154.99999989598, -45351.200000033576, 119.39999999990343, 17818.399999992344, 20235.299999997605, 1970.5000000004063, 16780.599999985418, 23403.49999998663, -11475.900000003243, -8597.800000004954, -858.4999999958719, -191506.0999997483, -187159.70000025013, -173406.69999986747, 7609.899999995008, 6163.000000004129, 5260.200000003152, 6313.899999996012, 10276.499999998487, 16827.100000009435, 8535.999999995658, 13593.399999989952, 25662.999999983324, 8163.099999994098, 11668.49999999167, 1833.200000001853, -300160.90000001184, -289680.2000000219, -282102.29999995715, 5950.499999996915, 9271.600000001767, 25769.899999982284, 6463.099999996269, 12301.299999993307, 14651.400000005631, 8427.099999995335, 11034.199999996292, 25086.699999985132, 8603.399999995929, 13039.299999991548, 27143.999999981555, -2105.800000001656, 10759.099999997796, 21835.799999991657, 6679.79999999406, 10838.599999995142, -1029.2999999987946, 7083.899999995574, 6738.100000002257, 16491.800000007628, -1790.8000000062505, 13348.099999990338, 23774.499999988064, -11907.59999998535, -13437.100000014587, 4374.600000006642]",6.1971891044844885,0.25853607789197747,2.6431174829047204,3.273,9777.289,966720,7725792,966640,9286,12.340878828229028,30.825166444740347,0.04905459387483355,0.76416015625,0.0005000000237487257,38.253426,-37.467728,65.95618,-0.179607
48786.6999999617,-871943.4000008045,-50828.8952381698,48335.0,1,0,1015056,False,21,21,9d70e0f333474b1da67f732b029ac6bb,2020-09-22_21-23-15,1600802595,551.048798084259,11654.628990411758,5052,TS-LSAL0152-N,192.168.178.26,11654.628990411758,0,21,True,-300160.90000001184,27143.999999981555,-16942.96507936682,36253.42857142857,36252,36255,"[30203.69999998966, -157600.49999991315, 38173.100000000115, 42154.59999999166, -20932.200000027107, -552072.5000005167, 19033.099999998387, 33417.499999980166, 47792.39999996023, 21664.79999999558, -871943.4000008045, 40991.99999996727, 33415.799999980096, 44547.99999996508, 48786.6999999617, 30489.09999998739, 16489.099999999813, 30313.79999998616, 35331.79999997426, -20970.1000000098, 43306.39999996785]","[48335, 48335, 48335, 48335, 48335, 48335, 48335, 48335, 48335, 48335, 48335, 48335, 48335, 48335, 48335, 48335, 48335, 48335, 48335, 48335, 48335]","[6277.999999995932, 11918.399999993999, 12007.30000000601, -69094.30000009215, -43154.99999989598, -45351.200000033576, 119.39999999990343, 17818.399999992344, 20235.299999997605, 1970.5000000004063, 16780.599999985418, 23403.49999998663, -11475.900000003243, -8597.800000004954, -858.4999999958719, -191506.0999997483, -187159.70000025013, -173406.69999986747, 7609.899999995008, 6163.000000004129, 5260.200000003152, 6313.899999996012, 10276.499999998487, 16827.100000009435, 8535.999999995658, 13593.399999989952, 25662.999999983324, 8163.099999994098, 11668.49999999167, 1833.200000001853, -300160.90000001184, -289680.2000000219, -282102.29999995715, 5950.499999996915, 9271.600000001767, 25769.899999982284, 6463.099999996269, 12301.299999993307, 14651.400000005631, 8427.099999995335, 11034.199999996292, 25086.699999985132, 8603.399999995929, 13039.299999991548, 27143.999999981555, -2105.800000001656, 10759.099999997796, 21835.799999991657, 6679.79999999406, 10838.599999995142, -1029.2999999987946, 7083.899999995574, 6738.100000002257, 16491.800000007628, -1790.8000000062505, 13348.099999990338, 23774.499999988064, -11907.59999998535, -13437.100000014587, 4374.600000006642, 2707.599999998108, 13523.499999989668, 27075.299999979787]",6.2022510005323355,0.25853328156821576,2.648385852117435,4.059,7882.965,1015056,8112480,1015000,9751,11.815384615384616,30.85479082321188,0.04963562753036437,0.76416015625,0.0005000000237487257,35.925888,10.996341,62.77001,-0.35236403
48786.6999999617,-871943.4000008045,-65710.67272738212,48335.0,1,0,1063392,False,22,22,9d70e0f333474b1da67f732b029ac6bb,2020-09-22_21-32-41,1600803161,566.2163410186768,12220.845331430435,5052,TS-LSAL0152-N,192.168.178.26,12220.845331430435,0,22,True,-300160.90000001184,27143.999999981555,-21903.55757575357,36253.5,36252,36255,"[-378228.00000084087, -157600.49999991315, 38173.100000000115, 42154.59999999166, -20932.200000027107, -552072.5000005167, 19033.099999998387, 33417.499999980166, 47792.39999996023, 21664.79999999558, -871943.4000008045, 40991.99999996727, 33415.799999980096, 44547.99999996508, 48786.6999999617, 30489.09999998739, 16489.099999999813, 30313.79999998616, 35331.79999997426, -20970.1000000098, 43306.39999996785, 30203.69999998966]","[48335, 48335, 48335, 48335, 48335, 48335, 48335, 48335, 48335, 48335, 48335, 48335, 48335, 48335, 48335, 48335, 48335, 48335, 48335, 48335, 48335, 48335]","[-131209.79999955252, -127769.80000028329, -119248.39999979053, -69094.30000009215, -43154.99999989598, -45351.200000033576, 119.39999999990343, 17818.399999992344, 20235.299999997605, 1970.5000000004063, 16780.599999985418, 23403.49999998663, -11475.900000003243, -8597.800000004954, -858.4999999958719, -191506.0999997483, -187159.70000025013, -173406.69999986747, 7609.899999995008, 6163.000000004129, 5260.200000003152, 6313.899999996012, 10276.499999998487, 16827.100000009435, 8535.999999995658, 13593.399999989952, 25662.999999983324, 8163.099999994098, 11668.49999999167, 1833.200000001853, -300160.90000001184, -289680.2000000219, -282102.29999995715, 5950.499999996915, 9271.600000001767, 25769.899999982284, 6463.099999996269, 12301.299999993307, 14651.400000005631, 8427.099999995335, 11034.199999996292, 25086.699999985132, 8603.399999995929, 13039.299999991548, 27143.999999981555, -2105.800000001656, 10759.099999997796, 21835.799999991657, 6679.79999999406, 10838.599999995142, -1029.2999999987946, 7083.899999995574, 6738.100000002257, 16491.800000007628, -1790.8000000062505, 13348.099999990338, 23774.499999988064, -11907.59999998535, -13437.100000014587, 4374.600000006642, 2707.599999998108, 13523.499999989668, 27075.299999979787, 6277.999999995932, 11918.399999993999, 12007.30000000601]",6.20726119148864,0.2585085681228966,2.6532123963304963,2.091,15303.141,1063392,8499168,1063360,10216,11.66435124508519,30.817824377457406,0.04798165137614679,0.76416015625,0.0005000000237487257,24.688513,-52.069916,59.72228,626.18146
48786.6999999617,-871943.4000008045,-71981.5652174872,48335.0,1,0,1111728,False,23,23,9d70e0f333474b1da67f732b029ac6bb,2020-09-22_21-41-50,1600803710,548.9207539558411,12769.766085386276,5052,TS-LSAL0152-N,192.168.178.26,12769.766085386276,0,23,True,-300160.90000001184,27143.999999981555,-23993.855072459228,36253.565217391304,36252,36255,"[-209941.1999997987, -157600.49999991315, 38173.100000000115, 42154.59999999166, -20932.200000027107, -552072.5000005167, 19033.099999998387, 33417.499999980166, 47792.39999996023, 21664.79999999558, -871943.4000008045, 40991.99999996727, 33415.799999980096, 44547.99999996508, 48786.6999999617, 30489.09999998739, 16489.099999999813, 30313.79999998616, 35331.79999997426, -20970.1000000098, 43306.39999996785, 30203.69999998966, -378228.00000084087]","[48335, 48335, 48335, 48335, 48335, 48335, 48335, 48335, 48335, 48335, 48335, 48335, 48335, 48335, 48335, 48335, 48335, 48335, 48335, 48335, 48335, 48335, 48335]","[-71330.90000013672, -69162.39999987104, -69447.89999994336, -69094.30000009215, -43154.99999989598, -45351.200000033576, 119.39999999990343, 17818.399999992344, 20235.299999997605, 1970.5000000004063, 16780.599999985418, 23403.49999998663, -11475.900000003243, -8597.800000004954, -858.4999999958719, -191506.0999997483, -187159.70000025013, -173406.69999986747, 7609.899999995008, 6163.000000004129, 5260.200000003152, 6313.899999996012, 10276.499999998487, 16827.100000009435, 8535.999999995658, 13593.399999989952, 25662.999999983324, 8163.099999994098, 11668.49999999167, 1833.200000001853, -300160.90000001184, -289680.2000000219, -282102.29999995715, 5950.499999996915, 9271.600000001767, 25769.899999982284, 6463.099999996269, 12301.299999993307, 14651.400000005631, 8427.099999995335, 11034.199999996292, 25086.699999985132, 8603.399999995929, 13039.299999991548, 27143.999999981555, -2105.800000001656, 10759.099999997796, 21835.799999991657, 6679.79999999406, 10838.599999995142, -1029.2999999987946, 7083.899999995574, 6738.100000002257, 16491.800000007628, -1790.8000000062505, 13348.099999990338, 23774.499999988064, -11907.59999998535, -13437.100000014587, 4374.600000006642, 2707.599999998108, 13523.499999989668, 27075.299999979787, 6277.999999995932, 11918.399999993999, 12007.30000000601, -131209.79999955252, -127769.80000028329, -119248.39999979053]",6.2114788349742955,0.25848667906255574,2.657692013891662,3.158,10133.234,1111728,8885856,1111720,10681,11.933017591339649,30.911096075778083,0.049675236806495264,0.76416015625,0.0005000000237487257,31.220757,-26.6763,63.937252,625.6201
48786.6999999617,-871943.4000008045,-100338.30000014114,48335.0,1,0,1160064,False,24,24,9d70e0f333474b1da67f732b029ac6bb,2020-09-22_21-51-13,1600804273,563.1524918079376,13332.918577194214,5052,TS-LSAL0152-N,192.168.178.26,13332.918577194214,0,24,True,-300160.90000001184,27143.999999981555,-33446.099999992504,36253.5,36252,36255,"[-752543.200001182, -157600.49999991315, 38173.100000000115, 42154.59999999166, -20932.200000027107, -552072.5000005167, 19033.099999998387, 33417.499999980166, 47792.39999996023, 21664.79999999558, -871943.4000008045, 40991.99999996727, 33415.799999980096, 44547.99999996508, 48786.6999999617, 30489.09999998739, 16489.099999999813, 30313.79999998616, 35331.79999997426, -20970.1000000098, 43306.39999996785, 30203.69999998966, -378228.00000084087, -209941.1999997987]","[48335, 48335, 48335, 48335, 48335, 48335, 48335, 48335, 48335, 48335, 48335, 48335, 48335, 48335, 48335, 48335, 48335, 48335, 48335, 48335, 48335, 48335, 48335, 48335]","[-256652.49999960136, -257903.1000003856, -237987.59999978647, -69094.30000009215, -43154.99999989598, -45351.200000033576, 119.39999999990343, 17818.399999992344, 20235.299999997605, 1970.5000000004063, 16780.599999985418, 23403.49999998663, -11475.900000003243, -8597.800000004954, -858.4999999958719, -191506.0999997483, -187159.70000025013, -173406.69999986747, 7609.899999995008, 6163.000000004129, 5260.200000003152, 6313.899999996012, 10276.499999998487, 16827.100000009435, 8535.999999995658, 13593.399999989952, 25662.999999983324, 8163.099999994098, 11668.49999999167, 1833.200000001853, -300160.90000001184, -289680.2000000219, -282102.29999995715, 5950.499999996915, 9271.600000001767, 25769.899999982284, 6463.099999996269, 12301.299999993307, 14651.400000005631, 8427.099999995335, 11034.199999996292, 25086.699999985132, 8603.399999995929, 13039.299999991548, 27143.999999981555, -2105.800000001656, 10759.099999997796, 21835.799999991657, 6679.79999999406, 10838.599999995142, -1029.2999999987946, 7083.899999995574, 6738.100000002257, 16491.800000007628, -1790.8000000062505, 13348.099999990338, 23774.499999988064, -11907.59999998535, -13437.100000014587, 4374.600000006642, 2707.599999998108, 13523.499999989668, 27075.299999979787, 6277.999999995932, 11918.399999993999, 12007.30000000601, -131209.79999955252, -127769.80000028329, -119248.39999979053, -71330.90000013672, -69162.39999987104, -69447.89999994336]",6.2156761553614865,0.25850504908384075,2.661689259184355,2.945,10866.776,1160064,9272544,1159976,11145,12.00647291941876,30.880845442536327,0.0484676354029062,0.76416015625,0.0005000000237487257,32.08615,-16.407312,69.62484,625.1804
48786.6999999617,-871943.4000008045,-98188.14000013671,48335.0,1,0,1208400,False,25,25,9d70e0f333474b1da67f732b029ac6bb,2020-09-22_22-00-40,1600804840,566.9614760875702,13899.880053281784,5052,TS-LSAL0152-N,192.168.178.26,13899.880053281784,0,25,True,-300160.90000001184,27143.999999981555,-32729.379999992772,36253.44,36252,36255,"[-46584.300000030475, -157600.49999991315, 38173.100000000115, 42154.59999999166, -20932.200000027107, -552072.5000005167, 19033.099999998387, 33417.499999980166, 47792.39999996023, 21664.79999999558, -871943.4000008045, 40991.99999996727, 33415.799999980096, 44547.99999996508, 48786.6999999617, 30489.09999998739, 16489.099999999813, 30313.79999998616, 35331.79999997426, -20970.1000000098, 43306.39999996785, 30203.69999998966, -378228.00000084087, -209941.1999997987, -752543.200001182]","[48335, 48335, 48335, 48335, 48335, 48335, 48335, 48335, 48335, 48335, 48335, 48335, 48335, 48335, 48335, 48335, 48335, 48335, 48335, 48335, 48335, 48335, 48335, 48335, 48335]","[-21473.19999999804, -19122.90000000326, -5988.19999999647, -69094.30000009215, -43154.99999989598, -45351.200000033576, 119.39999999990343, 17818.399999992344, 20235.299999997605, 1970.5000000004063, 16780.599999985418, 23403.49999998663, -11475.900000003243, -8597.800000004954, -858.4999999958719, -191506.0999997483, -187159.70000025013, -173406.69999986747, 7609.899999995008, 6163.000000004129, 5260.200000003152, 6313.899999996012, 10276.499999998487, 16827.100000009435, 8535.999999995658, 13593.399999989952, 25662.999999983324, 8163.099999994098, 11668.49999999167, 1833.200000001853, -300160.90000001184, -289680.2000000219, -282102.29999995715, 5950.499999996915, 9271.600000001767, 25769.899999982284, 6463.099999996269, 12301.299999993307, 14651.400000005631, 8427.099999995335, 11034.199999996292, 25086.699999985132, 8603.399999995929, 13039.299999991548, 27143.999999981555, -2105.800000001656, 10759.099999997796, 21835.799999991657, 6679.79999999406, 10838.599999995142, -1029.2999999987946, 7083.899999995574, 6738.100000002257, 16491.800000007628, -1790.8000000062505, 13348.099999990338, 23774.499999988064, -11907.59999998535, -13437.100000014587, 4374.600000006642, 2707.599999998108, 13523.499999989668, 27075.299999979787, 6277.999999995932, 11918.399999993999, 12007.30000000601, -131209.79999955252, -127769.80000028329, -119248.39999979053, -71330.90000013672, -69162.39999987104, -69447.89999994336, -256652.49999960136, -257903.1000003856, -237987.59999978647]",6.2198852744789574,0.25857592367503757,2.6653718829528326,1.801,17768.945,1208400,9659232,1208336,11610,12.29041994750656,30.983989501312337,0.04830708661417323,0.76416015625,0.0005000000237487257,30.302116,-39.475014,70.19466,624.2229
48786.6999999617,-871943.4000008045,-92670.17307705579,48335.0,1,0,1256736,False,26,26,9d70e0f333474b1da67f732b029ac6bb,2020-09-22_22-09-57,1600805397,556.9129209518433,14456.792974233627,5052,TS-LSAL0152-N,192.168.178.26,14456.792974233627,0,26,True,-300160.90000001184,27143.999999981555,-30890.057692301103,36253.5,36252,36255,"[45278.99999996749, -157600.49999991315, 38173.100000000115, 42154.59999999166, -20932.200000027107, -552072.5000005167, 19033.099999998387, 33417.499999980166, 47792.39999996023, 21664.79999999558, -871943.4000008045, 40991.99999996727, 33415.799999980096, 44547.99999996508, 48786.6999999617, 30489.09999998739, 16489.099999999813, 30313.79999998616, 35331.79999997426, -20970.1000000098, 43306.39999996785, 30203.69999998966, -378228.00000084087, -209941.1999997987, -752543.200001182, -46584.300000030475]","[48335, 48335, 48335, 48335, 48335, 48335, 48335, 48335, 48335, 48335, 48335, 48335, 48335, 48335, 48335, 48335, 48335, 48335, 48335, 48335, 48335, 48335, 48335, 48335, 48335, 48335]","[7037.6999999956115, 14124.799999988772, 24116.49999998724, -69094.30000009215, -43154.99999989598, -45351.200000033576, 119.39999999990343, 17818.399999992344, 20235.299999997605, 1970.5000000004063, 16780.599999985418, 23403.49999998663, -11475.900000003243, -8597.800000004954, -858.4999999958719, -191506.0999997483, -187159.70000025013, -173406.69999986747, 7609.899999995008, 6163.000000004129, 5260.200000003152, 6313.899999996012, 10276.499999998487, 16827.100000009435, 8535.999999995658, 13593.399999989952, 25662.999999983324, 8163.099999994098, 11668.49999999167, 1833.200000001853, -300160.90000001184, -289680.2000000219, -282102.29999995715, 5950.499999996915, 9271.600000001767, 25769.899999982284, 6463.099999996269, 12301.299999993307, 14651.400000005631, 8427.099999995335, 11034.199999996292, 25086.699999985132, 8603.399999995929, 13039.299999991548, 27143.999999981555, -2105.800000001656, 10759.099999997796, 21835.799999991657, 6679.79999999406, 10838.599999995142, -1029.2999999987946, 7083.899999995574, 6738.100000002257, 16491.800000007628, -1790.8000000062505, 13348.099999990338, 23774.499999988064, -11907.59999998535, -13437.100000014587, 4374.600000006642, 2707.599999998108, 13523.499999989668, 27075.299999979787, 6277.999999995932, 11918.399999993999, 12007.30000000601, -131209.79999955252, -127769.80000028329, -119248.39999979053, -71330.90000013672, -69162.39999987104, -69447.89999994336, -256652.49999960136, -257903.1000003856, -237987.59999978647, -21473.19999999804, -19122.90000000326, -5988.19999999647]",6.223802314536849,0.25868675805039215,2.6687202028716692,3.359,9527.096,1256736,10045920,1256696,12075,12.30254010695187,30.994251336898397,0.04917112299465241,0.76416015625,0.0005000000237487257,29.084394,16.509289,64.085144,313.2998
48786.6999999617,-871943.4000008045,-92967.33333346061,48335.0,1,0,1305072,False,27,27,9d70e0f333474b1da67f732b029ac6bb,2020-09-22_22-19-19,1600805959,561.1635386943817,15017.956512928009,5052,TS-LSAL0152-N,192.168.178.26,15017.956512928009,0,27,True,-300160.90000001184,27143.999999981555,-30989.111111104827,36253.555555555555,36252,36255,"[-100693.49999998606, -157600.49999991315, 38173.100000000115, 42154.59999999166, -20932.200000027107, -552072.5000005167, 19033.099999998387, 33417.499999980166, 47792.39999996023, 21664.79999999558, -871943.4000008045, 40991.99999996727, 33415.799999980096, 44547.99999996508, 48786.6999999617, 30489.09999998739, 16489.099999999813, 30313.79999998616, 35331.79999997426, -20970.1000000098, 43306.39999996785, 30203.69999998966, -378228.00000084087, -209941.1999997987, -752543.200001182, -46584.300000030475, 45278.99999996749]","[48335, 48335, 48335, 48335, 48335, 48335, 48335, 48335, 48335, 48335, 48335, 48335, 48335, 48335, 48335, 48335, 48335, 48335, 48335, 48335, 48335, 48335, 48335, 48335, 48335, 48335, 48335]","[-22006.899999994483, -26109.60000000795, -52577.00000000246, -69094.30000009215, -43154.99999989598, -45351.200000033576, 119.39999999990343, 17818.399999992344, 20235.299999997605, 1970.5000000004063, 16780.599999985418, 23403.49999998663, -11475.900000003243, -8597.800000004954, -858.4999999958719, -191506.0999997483, -187159.70000025013, -173406.69999986747, 7609.899999995008, 6163.000000004129, 5260.200000003152, 6313.899999996012, 10276.499999998487, 16827.100000009435, 8535.999999995658, 13593.399999989952, 25662.999999983324, 8163.099999994098, 11668.49999999167, 1833.200000001853, -300160.90000001184, -289680.2000000219, -282102.29999995715, 5950.499999996915, 9271.600000001767, 25769.899999982284, 6463.099999996269, 12301.299999993307, 14651.400000005631, 8427.099999995335, 11034.199999996292, 25086.699999985132, 8603.399999995929, 13039.299999991548, 27143.999999981555, -2105.800000001656, 10759.099999997796, 21835.799999991657, 6679.79999999406, 10838.599999995142, -1029.2999999987946, 7083.899999995574, 6738.100000002257, 16491.800000007628, -1790.8000000062505, 13348.099999990338, 23774.499999988064, -11907.59999998535, -13437.100000014587, 4374.600000006642, 2707.599999998108, 13523.499999989668, 27075.299999979787, 6277.999999995932, 11918.399999993999, 12007.30000000601, -131209.79999955252, -127769.80000028329, -119248.39999979053, -71330.90000013672, -69162.39999987104, -69447.89999994336, -256652.49999960136, -257903.1000003856, -237987.59999978647, -21473.19999999804, -19122.90000000326, -5988.19999999647, 7037.6999999956115, 14124.799999988772, 24116.49999998724]",6.2274173340409185,0.2588144587882293,2.6718936535381355,1.693,18895.921,1305072,10432608,1305056,12540,11.892450331125827,31.083576158940396,0.04870198675496688,0.76416015625,0.0005000000237487257,13.104693,-54.111633,76.10536,-0.8726087
48786.6999999617,-871943.4000008045,-111052.49285727863,48335.0,1,0,1353408,False,28,28,9d70e0f333474b1da67f732b029ac6bb,2020-09-22_22-28-39,1600806519,560.4939408302307,15578.45045375824,5052,TS-LSAL0152-N,192.168.178.26,15578.45045375824,0,28,True,-300160.90000001184,27143.999999981555,-37017.49761904106,36253.5,36252,36255,"[-599351.8000003645, -157600.49999991315, 38173.100000000115, 42154.59999999166, -20932.200000027107, -552072.5000005167, 19033.099999998387, 33417.499999980166, 47792.39999996023, 21664.79999999558, -871943.4000008045, 40991.99999996727, 33415.799999980096, 44547.99999996508, 48786.6999999617, 30489.09999998739, 16489.099999999813, 30313.79999998616, 35331.79999997426, -20970.1000000098, 43306.39999996785, 30203.69999998966, -378228.00000084087, -209941.1999997987, -752543.200001182, -46584.300000030475, 45278.99999996749, -100693.49999998606]","[48335, 48335, 48335, 48335, 48335, 48335, 48335, 48335, 48335, 48335, 48335, 48335, 48335, 48335, 48335, 48335, 48335, 48335, 48335, 48335, 48335, 48335, 48335, 48335, 48335, 48335, 48335, 48335]","[-204084.899999587, -188058.70000045327, -207208.1999999177, -69094.30000009215, -43154.99999989598, -45351.200000033576, 119.39999999990343, 17818.399999992344, 20235.299999997605, 1970.5000000004063, 16780.599999985418, 23403.49999998663, -11475.900000003243, -8597.800000004954, -858.4999999958719, -191506.0999997483, -187159.70000025013, -173406.69999986747, 7609.899999995008, 6163.000000004129, 5260.200000003152, 6313.899999996012, 10276.499999998487, 16827.100000009435, 8535.999999995658, 13593.399999989952, 25662.999999983324, 8163.099999994098, 11668.49999999167, 1833.200000001853, -300160.90000001184, -289680.2000000219, -282102.29999995715, 5950.499999996915, 9271.600000001767, 25769.899999982284, 6463.099999996269, 12301.299999993307, 14651.400000005631, 8427.099999995335, 11034.199999996292, 25086.699999985132, 8603.399999995929, 13039.299999991548, 27143.999999981555, -2105.800000001656, 10759.099999997796, 21835.799999991657, 6679.79999999406, 10838.599999995142, -1029.2999999987946, 7083.899999995574, 6738.100000002257, 16491.800000007628, -1790.8000000062505, 13348.099999990338, 23774.499999988064, -11907.59999998535, -13437.100000014587, 4374.600000006642, 2707.599999998108, 13523.499999989668, 27075.299999979787, 6277.999999995932, 11918.399999993999, 12007.30000000601, -131209.79999955252, -127769.80000028329, -119248.39999979053, -71330.90000013672, -69162.39999987104, -69447.89999994336, -256652.49999960136, -257903.1000003856, -237987.59999978647, -21473.19999999804, -19122.90000000326, -5988.19999999647, 7037.6999999956115, 14124.799999988772, 24116.49999998724, -22006.899999994483, -26109.60000000795, -52577.00000000246]",6.2308424349316756,0.25892501695093956,2.674884464809728,2.595,12333.468,1353408,10819296,1353312,13004,12.12874331550802,31.04772727272727,0.049451871657754005,0.76416015625,0.0005000000237487257,26.24345,-80.22879,73.9738,312.81204
48786.6999999617,-871943.4000008045,-106826.41379323424,48335.0,1,0,1401744,False,29,29,9d70e0f333474b1da67f732b029ac6bb,2020-09-22_22-38-06,1600807086,566.9638867378235,16145.414340496063,5052,TS-LSAL0152-N,192.168.178.26,16145.414340496063,0,29,True,-300160.90000001184,27143.999999981555,-35608.804597694594,36253.44827586207,36252,36255,"[11503.80000000811, -157600.49999991315, 38173.100000000115, 42154.59999999166, -20932.200000027107, -552072.5000005167, 19033.099999998387, 33417.499999980166, 47792.39999996023, 21664.79999999558, -871943.4000008045, 40991.99999996727, 33415.799999980096, 44547.99999996508, 48786.6999999617, 30489.09999998739, 16489.099999999813, 30313.79999998616, 35331.79999997426, -20970.1000000098, 43306.39999996785, 30203.69999998966, -378228.00000084087, -209941.1999997987, -752543.200001182, -46584.300000030475, 45278.99999996749, -100693.49999998606, -599351.8000003645]","[48335, 48335, 48335, 48335, 48335, 48335, 48335, 48335, 48335, 48335, 48335, 48335, 48335, 48335, 48335, 48335, 48335, 48335, 48335, 48335, 48335, 48335, 48335, 48335, 48335, 48335, 48335, 48335, 48335]","[-16157.099999982773, 11041.999999995442, 16618.90000000685, -69094.30000009215, -43154.99999989598, -45351.200000033576, 119.39999999990343, 17818.399999992344, 20235.299999997605, 1970.5000000004063, 16780.599999985418, 23403.49999998663, -11475.900000003243, -8597.800000004954, -858.4999999958719, -191506.0999997483, -187159.70000025013, -173406.69999986747, 7609.899999995008, 6163.000000004129, 5260.200000003152, 6313.899999996012, 10276.499999998487, 16827.100000009435, 8535.999999995658, 13593.399999989952, 25662.999999983324, 8163.099999994098, 11668.49999999167, 1833.200000001853, -300160.90000001184, -289680.2000000219, -282102.29999995715, 5950.499999996915, 9271.600000001767, 25769.899999982284, 6463.099999996269, 12301.299999993307, 14651.400000005631, 8427.099999995335, 11034.199999996292, 25086.699999985132, 8603.399999995929, 13039.299999991548, 27143.999999981555, -2105.800000001656, 10759.099999997796, 21835.799999991657, 6679.79999999406, 10838.599999995142, -1029.2999999987946, 7083.899999995574, 6738.100000002257, 16491.800000007628, -1790.8000000062505, 13348.099999990338, 23774.499999988064, -11907.59999998535, -13437.100000014587, 4374.600000006642, 2707.599999998108, 13523.499999989668, 27075.299999979787, 6277.999999995932, 11918.399999993999, 12007.30000000601, -131209.79999955252, -127769.80000028329, -119248.39999979053, -71330.90000013672, -69162.39999987104, -69447.89999994336, -256652.49999960136, -257903.1000003856, -237987.59999978647, -21473.19999999804, -19122.90000000326, -5988.19999999647, 7037.6999999956115, 14124.799999988772, 24116.49999998724, -22006.899999994483, -26109.60000000795, -52577.00000000246, -204084.899999587, -188058.70000045327, -207208.1999999177]",6.234272422113651,0.2590561330720192,2.677638382544907,2.954,10831.96,1401744,11205984,1401672,13469,12.388845144356955,31.135958005249343,0.04859580052493438,0.76416015625,0.0005000000237487257,26.187206,-11.058855,73.60256,313.10916
48786.6999999617,-871943.4000008045,-102283.0766667936,48335.0,1,0,1450080,False,30,30,9d70e0f333474b1da67f732b029ac6bb,2020-09-22_22-47-26,1600807646,559.7780518531799,16705.192392349243,5052,TS-LSAL0152-N,192.168.178.26,16705.192392349243,0,30,True,-300160.90000001184,27143.999999981555,-34094.35888888249,36253.5,36252,36255,"[29473.69999998465, -157600.49999991315, 38173.100000000115, 42154.59999999166, -20932.200000027107, -552072.5000005167, 19033.099999998387, 33417.499999980166, 47792.39999996023, 21664.79999999558, -871943.4000008045, 40991.99999996727, 33415.799999980096, 44547.99999996508, 48786.6999999617, 30489.09999998739, 16489.099999999813, 30313.79999998616, 35331.79999997426, -20970.1000000098, 43306.39999996785, 30203.69999998966, -378228.00000084087, -209941.1999997987, -752543.200001182, -46584.300000030475, 45278.99999996749, -100693.49999998606, -599351.8000003645, 11503.80000000811]","[48335, 48335, 48335, 48335, 48335, 48335, 48335, 48335, 48335, 48335, 48335, 48335, 48335, 48335, 48335, 48335, 48335, 48335, 48335, 48335, 48335, 48335, 48335, 48335, 48335, 48335, 48335, 48335, 48335, 48335]","[6331.4999999966285, 6411.7000000026355, 16730.500000006294, -69094.30000009215, -43154.99999989598, -45351.200000033576, 119.39999999990343, 17818.399999992344, 20235.299999997605, 1970.5000000004063, 16780.599999985418, 23403.49999998663, -11475.900000003243, -8597.800000004954, -858.4999999958719, -191506.0999997483, -187159.70000025013, -173406.69999986747, 7609.899999995008, 6163.000000004129, 5260.200000003152, 6313.899999996012, 10276.499999998487, 16827.100000009435, 8535.999999995658, 13593.399999989952, 25662.999999983324, 8163.099999994098, 11668.49999999167, 1833.200000001853, -300160.90000001184, -289680.2000000219, -282102.29999995715, 5950.499999996915, 9271.600000001767, 25769.899999982284, 6463.099999996269, 12301.299999993307, 14651.400000005631, 8427.099999995335, 11034.199999996292, 25086.699999985132, 8603.399999995929, 13039.299999991548, 27143.999999981555, -2105.800000001656, 10759.099999997796, 21835.799999991657, 6679.79999999406, 10838.599999995142, -1029.2999999987946, 7083.899999995574, 6738.100000002257, 16491.800000007628, -1790.8000000062505, 13348.099999990338, 23774.499999988064, -11907.59999998535, -13437.100000014587, 4374.600000006642, 2707.599999998108, 13523.499999989668, 27075.299999979787, 6277.999999995932, 11918.399999993999, 12007.30000000601, -131209.79999955252, -127769.80000028329, -119248.39999979053, -71330.90000013672, -69162.39999987104, -69447.89999994336, -256652.49999960136, -257903.1000003856, -237987.59999978647, -21473.19999999804, -19122.90000000326, -5988.19999999647, 7037.6999999956115, 14124.799999988772, 24116.49999998724, -22006.899999994483, -26109.60000000795, -52577.00000000246, -204084.899999587, -188058.70000045327, -207208.1999999177, -16157.099999982773, 11041.999999995442, 16618.90000000685]",6.237557256188526,0.25919189925418973,2.6801762540737375,2.985,10720.009,1450080,11592672,1450032,13934,12.333510638297872,31.14002659574468,0.04909574468085106,0.76416015625,0.0005000000237487257,31.081284,-47.87676,114.099884,0.045113005
