{
  "buffer_size": 300000,
  "callbacks": "<class 'callbacks.MyCallbacks'>",
  "framework": "tf",
  "lr": 0.0005,
  "multiagent": {
    "model": {
      "custom_model": "custom_loss"
    },
    "policies": {
      "dqn_policy": [
        "<class 'ray.rllib.policy.tf_policy_template.DQNTFPolicy'>",
        "Box(4, 8)",
        "Discrete(7)",
        {}
      ],
      "mydqn_policy": [
        "<class 'ray.rllib.policy.tf_policy_template.DQNTFPolicy'>",
        "Box(4, 8)",
        "Discrete(7)",
        {}
      ]
    },
    "policy_mapping_fn": "<function policy_mapping_fn at 0x00000214A528A168>"
  },
  "num_workers": 0,
  "target_network_update_freq": 100,
  "timesteps_per_iteration": 48335
}